"","Ref_name","new_PHI_B_seg","new_PHI_B_seg_L","new_PHI_B_seg_U","new_PHI_B","new_PHI_B_L","new_PHI_B_U","new_PHI_B_L2","new_PHI_B_U2","residuals_phiB"
"1","Cooke",0.768277380271344,0.754183470123684,0.915138888833333,0.869375149957753,0.432985972538741,0.922879516293965,0.768277380271344,0.915138888833333,0.101097769686409
"2","GeissbulherA",0.625493949233994,0.504830246209326,0.792379750408231,0.673656450114963,0.528639018526618,0.942986840789094,0.504830246209326,0.792379750408231,0.048162500880969
"3","GeissbulherB",0.428395055600687,0.337595449924111,0.556308383923084,0.417147493053552,0.26941996939996,0.862366777854238,0.337595449924111,0.556308383923084,0.0112475625471348
"4","GeissbulherC",0.582148530259481,0.465726239790807,0.7447310683944,0.621650927567129,0.46158063286722,0.929632787316615,0.465726239790807,0.7447310683944,0.0395023973076478
"5","SeyoumA",0.80616151706947,0.75371358832372,0.944059930450557,0.809217237902278,0.520021243996963,0.899530331609596,0.75371358832372,0.944059930450557,0.00305572083280858
"6","SeyoumB",0.702429722069376,0.618671020269637,0.845560096403127,0.790637513201643,0.440542354126435,0.795524840810286,0.618671020269637,0.845560096403127,0.0882077911322671
"7","SeyoumC",0.805082139720332,0.748438881692294,0.937387189908793,0.803853757201243,0.505853232853038,0.910720375429907,0.748438881692294,0.937387189908793,0.00122838251908952
"8","SeyoumD",0.743437910071681,0.661808739197518,0.899050606137568,0.804854946,0.414141414577941,0.886651894952612,0.661808739197518,0.899050606137568,0.0614170359283194
